{
  "logreg": {
    "roc_auc": 0.5552440247941836,
    "pr_auc": 0.10220845730023422
  },
  "hgb_calibrated": {
    "roc_auc": 0.5049753295125001,
    "pr_auc": 0.08016210068598914
  }
}